{"bm25": {"p10": 0.67, "mrr": 1.0, "ndcg": 0.9736320832204747}, "vector": {"p10": 0.85, "mrr": 0.9, "ndcg": 0.8939818562337966}, "hybrid": {"p10": 0.87, "mrr": 0.9, "ndcg": 0.9859378228751148}}