{"bm25": {"p10": 0.8166666666666667, "mrr": 0.9333333333333333, "ndcg": 0.9679487125777663, "solved": 28}, "vector": {"p10": 0.8633333333333333, "mrr": 0.9666666666666667, "ndcg": 0.9678802536522123, "solved": 29}, "hybrid": {"p10": 0.8566666666666667, "mrr": 0.9333333333333333, "ndcg": 0.933960612315881, "solved": 28}}